{"cameraMode":{"drawMode":0,"name":"Shaded","section":"Shading Mode"},"sceneLighting":false,"audioPlay":false,"sceneViewState":{"showFog":true,"showMaterialUpdate":false,"showSkybox":false,"showFlares":true,"showImageEffects":true,"showParticleSystems":true},"in2DMode":false,"pivot":{"x":6.1853508949279789,"y":5.300185680389404,"z":6.766933441162109},"rotation":{"x":0.012099210172891617,"y":0.9720122814178467,"z":-0.22893334925174714,"w":0.05137093365192413},"size":1.0428719520568848,"orthographic":false}