{"cameraMode":{"drawMode":0,"name":"Shaded","section":"Shading Mode"},"sceneLighting":false,"audioPlay":false,"sceneViewState":{"showFog":false,"showMaterialUpdate":false,"showSkybox":false,"showFlares":false,"showImageEffects":false,"showParticleSystems":false},"in2DMode":false,"pivot":{"x":1.3364487886428834,"y":1.644674301147461,"z":1.2007174491882325},"rotation":{"x":-0.07155626267194748,"y":0.8466039896011353,"z":-0.11784587800502777,"w":-0.5140599012374878},"size":0.5598849058151245,"orthographic":false}