{"cameraMode":{"drawMode":0,"name":"Shaded","section":"Shading Mode"},"sceneLighting":false,"audioPlay":false,"sceneViewState":{"showFog":false,"showMaterialUpdate":false,"showSkybox":false,"showFlares":false,"showImageEffects":false,"showParticleSystems":false},"in2DMode":false,"pivot":{"x":3.202765703201294,"y":0.3529493808746338,"z":-2.620539903640747},"rotation":{"x":-0.0987672507762909,"y":0.8671361207962036,"z":-0.1905512511730194,"w":-0.4494572579860687},"size":2.60894775390625,"orthographic":false}