{"cameraMode":{"drawMode":0,"name":"Shaded","section":"Shading Mode"},"sceneLighting":true,"audioPlay":false,"sceneViewState":{"showFog":false,"showMaterialUpdate":false,"showSkybox":false,"showFlares":false,"showImageEffects":false,"showParticleSystems":false},"in2DMode":false,"pivot":{"x":-16.9794921875,"y":-17.15258026123047,"z":49.58938980102539},"rotation":{"x":-0.18541815876960755,"y":0.1152634471654892,"z":-0.021905703470110894,"w":-0.9756313562393189},"size":32.26884460449219,"orthographic":false}